{"cameraMode":{"drawMode":0,"name":"Shaded","section":"Shading Mode"},"sceneLighting":true,"audioPlay":false,"sceneViewState":{"showFog":true,"showMaterialUpdate":false,"showSkybox":true,"showFlares":true,"showImageEffects":true,"showParticleSystems":true},"in2DMode":false,"pivot":{"x":5.153788089752197,"y":6.261878967285156,"z":1.8881440162658692},"rotation":{"x":0.0010802007745951415,"y":0.9449604749679565,"z":-0.3271709382534027,"w":0.003119249362498522},"size":5.164519786834717,"orthographic":false}