{"cameraMode":{"drawMode":0,"name":"Shaded","section":"Shading Mode"},"sceneLighting":true,"audioPlay":false,"sceneViewState":{"showFog":true,"showMaterialUpdate":false,"showSkybox":true,"showFlares":true,"showImageEffects":true,"showParticleSystems":true,"showVisualEffectGraphs":true,"m_FxEnabled":true},"in2DMode":false,"pivot":{"x":-0.5774331092834473,"y":-4.707944869995117,"z":3.5487499237060549},"rotation":{"x":0.013547442853450776,"y":0.867840051651001,"z":-0.4960969090461731,"w":0.023698654025793077},"size":29.818288803100587,"orthographic":false}